{
  "n_stage2_files": 50,
  "generated_by_group_level": {
    "group_1": {
      "mean_senses": 6.09,
      "ambiguous_ratio": 0.86,
      "highly_ambiguous_ratio": 0.58,
      "phrase_ratio": 0.0,
      "n_groups": 50,
      "ambiguity_type_counts": {
        "homonymy": 131,
        "polysemy": 69
      }
    },
    "group_2": {
      "mean_senses": 16.366666666666664,
      "ambiguous_ratio": 1.0,
      "highly_ambiguous_ratio": 0.98,
      "phrase_ratio": 0.005,
      "n_groups": 50,
      "ambiguity_type_counts": {
        "homonymy": 187,
        "polysemy": 7,
        "figurative": 5,
        "idiomatic": 1
      }
    },
    "group_3": {
      "mean_senses": 14.86,
      "ambiguous_ratio": 1.0,
      "highly_ambiguous_ratio": 0.98,
      "phrase_ratio": 0.0,
      "n_groups": 50,
      "ambiguity_type_counts": {
        "homonymy": 195,
        "polysemy": 3,
        "figurative": 2
      }
    },
    "group_4": {
      "mean_senses": 24.976190476190474,
      "ambiguous_ratio": 0.9183673469387755,
      "highly_ambiguous_ratio": 0.9183673469387755,
      "phrase_ratio": 0.5,
      "n_groups": 50,
      "ambiguity_type_counts": {
        "homonymy": 91,
        "idiomatic": 98,
        "polysemy": 6,
        "figurative": 1
      }
    }
  },
  "generated_overall": {
    "mean_senses": 15.525963149078729,
    "ambiguous_ratio": 0.9447236180904522,
    "highly_ambiguous_ratio": 0.864321608040201,
    "phrase_ratio": 0.12625,
    "n_groups": 200
  },
  "real_nyt_by_level": {
    "level_0": {
      "mean_senses": 7.905421686746988,
      "ambiguous_ratio": 0.8799196787148594,
      "highly_ambiguous_ratio": 0.5866465863453816,
      "phrase_ratio": 0.017448856799037304,
      "n_groups": 831
    },
    "level_1": {
      "mean_senses": 8.251306795335747,
      "ambiguous_ratio": 0.8859067149175714,
      "highly_ambiguous_ratio": 0.614193807800563,
      "phrase_ratio": 0.019253910950661854,
      "n_groups": 831
    },
    "level_2": {
      "mean_senses": 7.404171704957679,
      "ambiguous_ratio": 0.8339379282547359,
      "highly_ambiguous_ratio": 0.5348649738008868,
      "phrase_ratio": 0.026173285198555957,
      "n_groups": 831
    },
    "level_3": {
      "mean_senses": 6.053413654618473,
      "ambiguous_ratio": 0.7839357429718875,
      "highly_ambiguous_ratio": 0.46566265060240963,
      "phrase_ratio": 0.021961492178098677,
      "n_groups": 831
    },
    "level_unlabeled": {
      "mean_senses": 6.708825310323948,
      "ambiguous_ratio": 0.7898879806236755,
      "highly_ambiguous_ratio": 0.48380260369361194,
      "phrase_ratio": 0.0978356890459364,
      "n_groups": 1132
    }
  },
  "real_nyt_overall": {
    "mean_senses": 7.2302090408271065,
    "ambiguous_ratio": 0.8319560787865067,
    "highly_ambiguous_ratio": 0.5337521696475737,
    "phrase_ratio": 0.040675493716337524,
    "n_groups": 4456
  }
}